{
    "status": "ok",
    "totalResults": 13769,
    "articles": [
        {
            "source": {
                "id": null,
                "name": "Svet.sme.sk"
            },
            "author": "SITA",
            "title": "Tesla stiahne 285-tisíc áut pre opravu tempomatov",
            "description": "Týka sa to vozidiel z Číny aj importovaných áut z rokov 2019 - 2021.",
            "url": "https://svet.sme.sk/c/22690883/tesla-stiahne-285-tisic-aut-pre-opravu-tempomatov.html",
            "urlToImage": "https://m.smedata.sk/api-media/media/image/sme/9/68/6884819/6884819_1200x.jpeg?rev=3",
            "publishedAt": "2021-06-27T11:05:07Z",
            "content": "Týka sa to vozidiel z íny aj importovaných áut z rokov 2019 - 2021.27. jún 2021 o 13:05 SITA PEKING. Výrobca elektrických áut Tesla sahuje v íne zhruba 285-tisíc elektromobilov pre chybu s tempomatmi… [+1420 chars]"
        },
        {
            "source": {
                "id": null,
                "name": "Overclockers.ru"
            },
            "author": null,
            "title": "Роботы и ИИ привели к снижению зарплат до 70%, а к 2025 году машины лишат работы 85 млн человек",
            "description": "Изучаем неутешительные данные Национального бюро экономических исследований США",
            "url": "https://overclockers.ru/blog/TEXHAPb/show/53080/roboty-i-ii-priveli-k-snizheniju-zarplat-do-70-a-k-2025-godu-mashiny-lishat-raboty-85-mln-chelovek",
            "urlToImage": "https://overclockers.ru/st/legacy/blog/370098/252010_O.png",
            "publishedAt": "2021-06-27T11:01:57Z",
            "content": ", . . ? , . Microsoft, Amazon, Google, Apple 2-3 , . Microsoft Apple 2 , . Tesla, , .\r\n . , , Forbes, . : 70% . . , , , : , .\r\n« » . , , . , , , , .\r\n , , 85 2025 . , . , , . . , . . , 3 . , . , .\r\n.… [+9 chars]"
        },
        {
            "source": {
                "id": null,
                "name": "Yahoo Entertainment"
            },
            "author": "Reuters",
            "title": "Daimler set to spin off truck unit by year end - report",
            "description": "German carmaker Daimler is on track to spin off Daimler Truck, the world's largest truck and bus maker, by the end of the year, its finance chief was quoted ...",
            "url": "https://finance.yahoo.com/news/daimler-set-spin-off-truck-105054589.html",
            "urlToImage": "https://s.yimg.com/uu/api/res/1.2/ZXauUWPZhFnfK_1Rtj68PQ--~B/aD00OTg7dz04MDA7YXBwaWQ9eXRhY2h5b24-/https://media.zenfs.com/en/reuters-finance.com/680be5a97331e78dc8e6514e3f0364f3",
            "publishedAt": "2021-06-27T10:50:54Z",
            "content": "BERLIN (Reuters) - German carmaker Daimler is on track to spin off Daimler Truck, the world's largest truck and bus maker, by the end of the year, its finance chief was quoted as saying on Sunday.\r\n\"… [+1078 chars]"
        },
        {
            "source": {
                "id": "reuters",
                "name": "Reuters"
            },
            "author": "Reuters",
            "title": "Daimler set to spin off truck unit by year end - report - Reuters",
            "description": "German carmaker Daimler is on track to spin off Daimler Truck, the world's largest truck and bus maker, by the end of the year, its finance chief was quoted as saying on Sunday.",
            "url": "https://www.reuters.com/business/autos-transportation/daimler-set-spin-off-truck-unit-by-year-end-report-2021-06-27/",
            "urlToImage": "https://www.reuters.com/resizer/c48EyraCSRvNlfNfz0FCTfKK5SE=/1200x628/smart/filters:quality(80)/cloudfront-us-east-2.images.arcpublishing.com/reuters/HR3SC2ZXFFMJJOOCBRDM6TYJOM.jpg",
            "publishedAt": "2021-06-27T10:50:00Z",
            "content": "Daimler AG's FUSO Super Great truck is pictured at the 45th Tokyo Motor Show in Tokyo, Japan October 27, 2017. REUTERS/Kim Kyung-HoonBERLIN, June 27 (Reuters) - German carmaker Daimler is on track to… [+1353 chars]"
        },
        {
            "source": {
                "id": null,
                "name": "Ekonomika.sme.sk"
            },
            "author": "SITA",
            "title": "Tesla sťahuje v Číne zhruba 285-tisíc elektromobilov pre chybu s tempomatmi",
            "description": "Tesla plánuje vylepšiť softvér tempomatov na diaľku.",
            "url": "https://ekonomika.sme.sk/c/22690875/tesla-stahuje-v-cine-zhruba-285-tisic-elektromobilov-pre-chybu-s-tempomatmi.html",
            "urlToImage": "https://m.smedata.sk/api-media/media/image/sme/7/67/6739247/6739247_1200x.jpeg?rev=3",
            "publishedAt": "2021-06-27T10:47:59Z",
            "content": "Tesla plánuje vylepi softvér tempomatov na diaku.27. jún 2021 o 12:47 SITA BRATISLAVA. Výrobca elektrických áut Tesla sahuje v íne zhruba 285-tisíc elektromobilov pre chybu s tempomatmi.\r\nV sobotu to… [+1307 chars]"
        },
        {
            "source": {
                "id": null,
                "name": "Gizchina.com"
            },
            "author": "Abdullah",
            "title": "Crypto fever began to decline and video cards began to fall in price",
            "description": "The rise in the value of bitcoin provoked the rise of almost all cryptocurrencies. And along with the rise in the cost of cryptocurrencies, video ...\nThe post Crypto fever began to decline and video cards began to fall in price appeared first on Gizchina.com.",
            "url": "https://www.gizchina.com/2021/06/27/crypto-fever-began-to-decline-and-video-cards-began-to-fall-in-price/",
            "urlToImage": "https://www.gizchina.com/wp-content/uploads/images/2021/03/Bitcoin-Cash-1024x683.jpg",
            "publishedAt": "2021-06-27T10:40:05Z",
            "content": "The rise in the value of bitcoin provoked the rise of almost all cryptocurrencies. And along with the rise in the cost of cryptocurrencies, video cards began to rapidly disappear from the sale, and t… [+2641 chars]"
        },
        {
            "source": {
                "id": null,
                "name": "DW (English)"
            },
            "author": "Deutsche Welle (www.dw.com)",
            "title": "В России впервые за пять дней упала заражаемость коронавирусом",
            "description": "Лидерами по числу инфицированных остаются Москва, Московская область и Петербург. В Москве зафиксирован максимум суточной смертности от COVID-19.",
            "url": "https://www.dw.com/ru/v-rossii-vpervye-za-pjat-dnej-upala-zarazhaemost-koronavirusom/a-58063778",
            "urlToImage": "https://static.dw.com/image/57627523_6.jpg",
            "publishedAt": "2021-06-27T10:35:00Z",
            "content": "SARS-CoV-2. 20 538 - 5,20% , , COVID-19 , 27 .\r\n (+6723), (+2608) - (+1298). 599 - 3,23% , . 133 282 .\r\n   COVID-19 - 114 . 25 , 98 . 27 1 338 937 .\r\n :\r\n<ul><li>\r\nBioNTech/Pfizer: -\r\n COVID-19, , . … [+573 chars]"
        },
        {
            "source": {
                "id": "info-money",
                "name": "InfoMoney"
            },
            "author": "Cesar Grafietti",
            "title": "Sportechs, venture capital e mais: para onde vai o dinheiro no esporte. E onde falta.",
            "description": "No Brasil, uma das indústrias que menos recebe investimentos é o esporte. E isso a coloca num lugar de menor relevância em termos globais\nThe post Sportechs, venture capital e mais: para onde vai o dinheiro no esporte. E onde falta. appeared first on InfoMone…",
            "url": "https://www.infomoney.com.br/colunistas/cesar-grafietti/sportechs-venture-capital-e-mais-para-onde-vai-o-dinheiro-no-esporte-e-onde-falta/",
            "urlToImage": "https://www.infomoney.com.br/wp-content/uploads/2021/06/football-673206_1920.jpg?fit=1920%2C1280&quality=70&strip=all",
            "publishedAt": "2021-06-27T10:30:15Z",
            "content": "(Pixabay) \r\nO dinheiro circula de forma veloz no mercado financeiro. Num ambiente com excesso de liquidez e taxas de juros baixas, ele busca oportunidades e retornos sempre mais atraentes, mesmo que … [+8042 chars]"
        },
        {
            "source": {
                "id": null,
                "name": "N-tv.de"
            },
            "author": "n-tv NACHRICHTEN",
            "title": "Elektrisch, global, expansiv: So fit ist die deutsche Autoindustrie",
            "description": "Die deutsche Automobilindustrie ist beim Verbrenner das Maß der Dinge. Doch der Strukturwandel hin zur Elektromobilität bringt die Vormachtstellung ins Wanken, Untergangsrufe werden laut. Doch wie ist es wirklich um die Konzerne bestellt?",
            "url": "https://www.n-tv.de/wirtschaft/So-fit-ist-die-deutsche-Autoindustrie-article22623235.html",
            "urlToImage": "https://bilder2.n-tv.de/img/incoming/crop22636193/7401327387-cImg_16_9-w1200/DB2021AU00397-medium.jpg",
            "publishedAt": "2021-06-27T10:12:54Z",
            "content": "Die deutsche Automobilindustrie ist beim Verbrenner das Maß der Dinge. Doch der Strukturwandel hin zur Elektromobilität bringt die Vormachtstellung ins Wanken, Untergangsrufe werden laut. Doch wie is… [+5263 chars]"
        },
        {
            "source": {
                "id": null,
                "name": "Motley Fool"
            },
            "author": "newsfeedback@fool.com (Sean Williams)",
            "title": "10 Reasons Dogecoin Predictably Crashed",
            "description": "The writing had been on the wall for some time that the \"people's currency\" was headed for disaster.",
            "url": "https://www.fool.com/investing/2021/06/27/10-reasons-dogecoin-predictably-crashed/",
            "urlToImage": "https://g.foolcdn.com/editorial/images/631495/stock-chart-crash-invest-broker-tablet-crypto-plunge-bubble-getty.jpg",
            "publishedAt": "2021-06-27T10:06:00Z",
            "content": "For more than 100 years, the stock market has been the preferred wealth creator. It's historically generated an average annual return of around 7%, which is higher than all other asset classes.\r\nBut … [+6729 chars]"
        },
        {
            "source": {
                "id": null,
                "name": "Motley Fool"
            },
            "author": "newsfeedback@fool.com (Sean Williams)",
            "title": "These Are 5 of the Fastest-Growing Large-Cap Stocks on the Planet",
            "description": "Sales for these companies should skyrocket between 400% and 1,118% over the next four years.",
            "url": "https://www.fool.com/investing/2021/06/27/5-of-fastest-growing-large-cap-stocks-on-planet/",
            "urlToImage": "https://g.foolcdn.com/editorial/images/631511/businessman-holds-dollar-sign-grass-pot-investing-getty.jpg",
            "publishedAt": "2021-06-27T09:51:00Z",
            "content": "For more than a decade, growth stocks have been all the rage on Wall Street. Historically low lending rates, dovish monetary policy, and a free-spending Capitol Hill (at least during the pandemic) ha… [+8024 chars]"
        },
        {
            "source": {
                "id": "rt",
                "name": "RT"
            },
            "author": "RT en Español\n , RT en Español",
            "title": "Elon Musk suma esta semana 10.000 millones de dólares a su fortuna gracias a un plan de Biden de infraestructura",
            "description": "Las acciones de Tesla subieron un 9 % el miércoles y el jueves, con un aumento de un 7,8 % durante la semana.",
            "url": "https://actualidad.rt.com/actualidad/396255-elon-musk-fortuna-aumentar-rico",
            "urlToImage": "https://cdni.rt.com/actualidad/public_images/2021.06/article/60d839ec59bf5b6f072ede60.jpg",
            "publishedAt": "2021-06-27T09:31:00Z",
            "content": "El director general de Tesla y de SpaceX, Elon Musk, ha sido esta semana el mayor beneficiario del crecimiento del mercado de valores, sumando casi 10.000 millones de dólares a su fortuna, luego de q… [+1958 chars]"
        },
        {
            "source": {
                "id": "wirtschafts-woche",
                "name": "Wirtschafts Woche"
            },
            "author": "Wirtschaftswoche",
            "title": "Rückruf: Hunderttausende Tesla-Fahrzeuge in China bekommen Software-Update",
            "description": "Probleme mit dem Tesla-Autopiloten können Unfälle verursachen, glauben chinesische Behörden und ordnen einen Rückruf von mehr als 285.000 Fahrzeugen an.",
            "url": "https://www.wiwo.de/unternehmen/industrie/rueckruf-hunderttausende-tesla-fahrzeuge-in-china-bekommen-software-update/27367826.html",
            "urlToImage": "https://www.wiwo.de/images/wiwo_logo/4516976/3-formatOriginal.jpg",
            "publishedAt": "2021-06-27T09:28:16Z",
            "content": "Tesla hat ein Software-Update für mehr als 285.000 Fahrzeuge in China angekündigt, um ein Sicherheitsproblem zu beheben, das von der Aufsichtsbehörde des Landes festgestellt wurde. Es wird erwartet, … [+2358 chars]"
        },
        {
            "source": {
                "id": "handelsblatt",
                "name": "Handelsblatt"
            },
            "author": "Handelsblatt",
            "title": "Rückruf: China ordnet Rückruf von Hunderttausenden Tesla-Fahrzeugen an",
            "description": "Probleme mit dem Tesla-Autopiloten können Unfälle verursachen, glauben chinesische Behörden und ordnen einen Rückruf von mehr als 285.000 Fahrzeugen an.",
            "url": "https://www.handelsblatt.com/unternehmen/industrie/autopilot-china-ordnet-rueckruf-von-hunderttausenden-tesla-fahrzeugen-an/27367712.html",
            "urlToImage": "https://www.handelsblatt.com/images/tesla-filiale-in-peking/27367738/2-format2003.jpg",
            "publishedAt": "2021-06-27T09:28:16Z",
            "content": "Tesla-Filiale in PekingTesla hat in den vergangenen Monaten mehrere Rückschläge in China hinnehmen müssen.\r\n(Foto: AFP) \r\nTesla hat ein Software-Update für mehr als 285.000 Fahrzeuge in China angekün… [+2559 chars]"
        },
        {
            "source": {
                "id": "handelsblatt",
                "name": "Handelsblatt"
            },
            "author": "Handelsblatt",
            "title": "Rückruf: Hunderttausende Tesla-Fahrzeuge in China bekommen Software-Update",
            "description": "Probleme mit dem Tesla-Autopiloten können Unfälle verursachen, glauben chinesische Behörden und ordnen einen Rückruf von mehr als 285.000 Fahrzeugen an.",
            "url": "https://www.handelsblatt.com/unternehmen/industrie/rueckruf-hunderttausende-tesla-fahrzeuge-in-china-bekommen-software-update/27367712.html",
            "urlToImage": "https://www.handelsblatt.com/images/tesla-filiale-in-peking/27367738/2-format2003.jpg",
            "publishedAt": "2021-06-27T09:28:16Z",
            "content": "Tesla-Filiale in PekingTesla hat in den vergangenen Monaten mehrere Rückschläge in China hinnehmen müssen.\r\n(Foto: AFP) \r\nTesla hat ein Software-Update für mehr als 285.000 Fahrzeuge in China angekün… [+1890 chars]"
        },
        {
            "source": {
                "id": null,
                "name": "Seeking Alpha"
            },
            "author": "The Insiders Forum",
            "title": "HC2 Holdings: A Granular Assessment",
            "description": "New management at HC2 Holdings is in the process of narrowing the focus of its investments after removing prior CEO Philip Falcone in June 2020.",
            "url": "https://seekingalpha.com/article/4436767-hc2-holdings-a-granular-assessment",
            "urlToImage": "https://static.seekingalpha.com/cdn/s3/uploads/getty_images/627021250/large_image_627021250.jpg",
            "publishedAt": "2021-06-27T09:24:41Z",
            "content": "PhonlamaiPhoto/iStock via Getty Images\r\nEveryone thinks of changing the world, but no one thinks of changing himself.”― Leo Tolstoy\r\nToday, we take a look at an 'off the radar' small cap name with so… [+14145 chars]"
        },
        {
            "source": {
                "id": null,
                "name": "Inside.com.tw"
            },
            "author": "中央社",
            "title": "中國特斯拉召回逾28萬輛電動車，因駕駛可能誤開主動巡航功能",
            "description": "中國官方26日表示，由於主動巡航控制系統問題，特斯拉（Tesla）北京和上海將召回部分進口和國產電動汽車，合計28.552萬輛。",
            "url": "https://www.inside.com.tw/article/24005-tesla-china",
            "urlToImage": "https://inside-assets1.inside.com.tw/2021/5/imot0waz907bogrkvml2j4h5pn50lg.jpg?w=1200&h=630&fit=crop&q=80",
            "publishedAt": "2021-06-27T09:21:01Z",
            "content": "Nutanix IT (HCI) IT Nutanix IT \r\n(HCI) IT HCI IT \r\nIDC Nutanix Nutanix \r\n1. Nutanix 62% (TCO) 477% (ROI)\r\n2. IT \r\n3.\r\n IDC https://pse.is/3jeagm\r\n* 2021/7/17() 23:59 CASETiFY UV (1)SPIRIT 2020 (3) \r\n… [+229 chars]"
        },
        {
            "source": {
                "id": null,
                "name": "CarScoops"
            },
            "author": "Sebastien Bell",
            "title": "As Mitsubishi and Dacia Ready Cheap EVs, Low-Price Vehicles To Combat Chinese Rivals May Go Worldwide",
            "description": "Spurred by China's progress, truly cheap EVs may be the next big thing in electric mobility .",
            "url": "https://www.carscoops.com/2021/06/as-mitsubishi-and-dacia-ready-cheap-evs-low-price-vehicles-to-combat-chinese-rivals-may-go-worldwide/",
            "urlToImage": "https://www.carscoops.com/wp-content/uploads/2021/06/2020-Dacia-SPRING.jpg",
            "publishedAt": "2021-06-27T09:08:05Z",
            "content": "As part of a plan to make itself a niche in the electric vehicle market, Mitsubishi recently announced plans to release an EV priced at less than two million yen ($18,100 USD) in Japan.\r\nNikkei Asia … [+2150 chars]"
        },
        {
            "source": {
                "id": "focus",
                "name": "Focus"
            },
            "author": "Von FOCUS-Online-Redakteur Sebastian Viehmann, FOCUS-Online-Autor Carl Christian Jancke",
            "title": "Studie ruft heftige Reaktionen hervor - Nach Diesel-Gate nun Elektro-Gate? Wissenschaftler kritisieren Rechenfehler bei E-Autos",
            "description": "In kürzester Zeit soll sich Europa vom Benzinmotor verabschieden. Aber die Klima-Rechnung geht nicht auf, behaupten Experten - da Emissionen falsch berechnet würden. Unter Forschern entbrennt nun eine heiße Debatte. FOCUS Online erklärt die Hintergründe.Von F…",
            "url": "https://www.focus.de/auto/elektroauto/elektro-gate-nach-diesel-gate-forscher-ueber-rechenfehler-bei-e-autos_id_13418813.html",
            "urlToImage": "https://p6.focus.de/img/fotos/id_13426262/audi.jpg?im=Crop%3D%280%2C62%2C750%2C375%29%3BResize%3D%281200%2C627%29&hash=3cfee29fa655d81f15119c179b466fce7991e3d351bfda873681b01c5617b626",
            "publishedAt": "2021-06-27T09:07:44Z",
            "content": "In kürzester Zeit soll sich Europa vom Benzinmotor verabschieden. Aber die Klima-Rechnung geht nicht auf, behaupten Experten - da Emissionen falsch berechnet würden. Unter Forschern entbrennt nun ein… [+18185 chars]"
        },
        {
            "source": {
                "id": null,
                "name": "Xataka.com"
            },
            "author": "Albert Sanchis",
            "title": "Ni Jeff Bezos ni Elon Musk: la persona más rica del mundo ha sido y será siempre Mansa Musa",
            "description": "Muchos pensarán probablemente que Elon Musk sigue siendo el hombre más rico del mundo. De acuerdo, lo fue una vez, pero nunca ha sido la persona más rica que jamás haya vivido. Y de hecho, tampoco lo es ahora. Según el Índice de multimillonarios de Forbes de …",
            "url": "https://magnet.xataka.com/idolos-de-hoy-y-siempre/jeff-bezos-elon-musk-persona-rica-mundo-ha-sido-sera-siempre-mansa-musa",
            "urlToImage": "https://i.blogs.es/0f68f6/goldkoenig-1107172635-jpg--85404-/840_560.jpeg",
            "publishedAt": "2021-06-27T09:00:29Z",
            "content": "Muchos pensarán probablemente que Elon Musk sigue siendo el hombre más rico del mundo. De acuerdo, lo fue una vez, pero nunca ha sido la persona más rica que jamás haya vivido. Y de hecho, tampoco lo… [+6840 chars]"
        }
    ]
}
